ROC-AUC,Accuracy,BA,Sensitivity,Specificity,MCC,CM
0.7587524277342685,0.6172939852444667,0.7025561597383729,0.842020592020592,0.563091727456154,0.3207452574458181,"[[2617  491]
 [5630 7256]]"
0.7567614259566767,0.6145429536076028,0.6987736333925997,0.8365508365508365,0.5609964302343629,0.31476823568334955,"[[2600  508]
 [5657 7229]]"
0.7575390849486767,0.6150431411779417,0.7007930748424307,0.8410553410553411,0.5605308086295204,0.3179930050588182,"[[2614  494]
 [5663 7223]]"
0.7578582135271565,0.6152307115168189,0.7004211868017549,0.8397683397683398,0.56107403383517,0.31738904790990763,"[[2610  498]
 [5656 7230]]"
0.7573983597575092,0.6153557584094035,0.7004987904025619,0.8397683397683398,0.5612292410367841,0.31750927762946674,"[[2610  498]
 [5654 7232]]"
0.7591015690309497,0.6158559459797424,0.699588471201074,0.8365508365508365,0.5626261058513115,0.3160326546584738,"[[2600  508]
 [5636 7250]]"
0.7566369056358191,0.6141678129298487,0.7014705832414974,0.8442728442728443,0.5586683222101505,0.3191164192380449,"[[2624  484]
 [5687 7199]]"
0.7562243680899587,0.6149806177316494,0.6994114660768393,0.8375160875160875,0.5613068446375912,0.3157769937368432,"[[2603  505]
 [5653 7233]]"
0.7580026840658534,0.6179817431536826,0.7034712729846984,0.8433075933075933,0.5636349526618035,0.3221905688461961,"[[2621  487]
 [5623 7263]]"
0.7554717030504707,0.613355008128048,0.6995012795105919,0.8404118404118404,0.5585907186093435,0.31598037666611684,"[[2612  496]
 [5688 7198]]"
