ROC-AUC,Accuracy,BA,Sensitivity,Specificity,MCC,CM
0.9740319107006243,0.9142836919592299,0.9180886495548852,0.9227053140096618,0.9134719851001086,0.6457991692911912,"[[ 1146    96]
 [ 1115 11771]]"
0.9748858002405837,0.9181766704416761,0.9231329460901156,0.92914653784219,0.9171193543380413,0.65822099771396,"[[ 1154    88]
 [ 1068 11818]]"
0.9754284006185293,0.9184597961494904,0.9218330545352119,0.9259259259259259,0.9177401831444979,0.657646688233258,"[[ 1150    92]
 [ 1060 11826]]"
0.9750363212344197,0.9178935447338619,0.9204313160645952,0.9235104669887279,0.9173521651404625,0.6552199401508049,"[[ 1147    95]
 [ 1065 11821]]"
0.9751247343545018,0.9178935447338619,0.9193399919972067,0.9210950080515298,0.9175849759428838,0.6542426116500312,"[[ 1144    98]
 [ 1062 11824]]"
0.9750249493702111,0.9176812004530012,0.922133784109032,0.927536231884058,0.9167313363340059,0.6563065574816115,"[[ 1152    90]
 [ 1073 11813]]"
0.975008453918832,0.9152746319365799,0.9200869735170527,0.9259259259259259,0.9142480211081794,0.6495843673361297,"[[ 1150    92]
 [ 1105 11781]]"
0.9744320503621126,0.9167610419026048,0.9194467125690091,0.9227053140096618,0.9161881111283564,0.6520097634410592,"[[ 1146    96]
 [ 1080 11806]]"
0.974688792065588,0.9156993204983013,0.9170458121173086,0.9186795491143317,0.9154120751202856,0.6476868887219422,"[[ 1141   101]
 [ 1090 11796]]"
0.9754120926154612,0.9168318233295584,0.9183941903020242,0.9202898550724637,0.9164985255315846,0.6512072151798264,"[[ 1143    99]
 [ 1076 11810]]"
