ROC-AUC,Accuracy,BA,Sensitivity,Specificity,MCC,CM
0.7803184915847785,0.6870649651972158,0.5920823921995809,0.6666666666666666,0.7184986595174263,0.3342884363434427,"[[ 146   73   30]
 [ 105  268  248]
 [ 144  479 1955]]"
0.7809063398778217,0.6808819263127357,0.6124960070542299,0.7748917748917749,0.6392045454545454,0.3261716612416596,"[[ 179   52   17]
 [ 127  225  270]
 [ 183  451 1943]]"
